key,name,decaf_available,decaf_surcharge_krw,source_url,verified_at
brand:bluebottle,블루보틀,true,,https://kr.bluebottlecoffee.com,2026-09-24
brand:coffeebean,커피빈,true,500,https://www.coffeebeankorea.com/product/bean_guide.asp,2026-09-27
brand:compose,컴포즈커피,true,,https://composecoffee.com/compose,2026-09-27
brand:ediya,이디야커피,true,,https://www.ediya.com/contents/drink.html,2026-09-24
brand:hollys,할리스,true,,https://www.hollys.co.kr/menu/espresso.do,2026-09-27
brand:mega,메가MGC커피,true,,https://www.mega-mgccoffee.com/menu/,2026-09-24
brand:paik,빽다방,true,,https://paikdabang.com/menu/menu_coffee/,2026-09-24
brand:paulbassett,폴바셋,true,,https://www.baristapaulbassett.co.kr/menu/List.pb?cid1=A&cid2=F,2026-09-27
brand:starbucks,스타벅스,true,300,https://www.starbucks.co.kr/menu/drink_list.do,2026-09-24
brand:twosome,투썸플레이스,true,200,https://www.twosome.co.kr,2026-09-24
